Workbook
Name FECHAS: Datos!$A$3:$A$5002
Name PRECIO_A: Datos!$B$3:$B$5002
Name PRECIO_B: Datos!$C$3:$C$5002
Name NOMBRE_A: Datos!$B$2
Name NOMBRE_B: Datos!$C$2
Name RET_A: Calculos!$D$3:$D$5002
Name RET_B: Calculos!$E$3:$E$5002
Name EXC_A: Calculos!$F$3:$F$5002
Name EXC_B: Calculos!$G$3:$G$5002
Name DD_A: Calculos!$I$3:$I$5002
Name DD_B: Calculos!$K$3:$K$5002
Name DIFF_AB: Calculos!$L$3:$L$5002

Sheet Instrucciones
A1: PLANTILLA DE ANALISIS COMPARATIVO
A3: Que hace esta plantilla
A5: Compara DOS series de precios diarias entre si:
A6: - Activo 1 = la serie que quieres analizar
A7: - Activo 2 = la serie que usas como benchmark
A8: Puedes usar lo que quieras: fondos, ETFs, acciones, criptos, indices.
A10: Como usarla
A12: 1. Ve a la hoja 'Datos'.
A13: 2. En B2 y C2 escribe los NOMBRES de los dos activos (opcional).
A14: 3. Columna A: pega las FECHAS (dd/mm/aaaa o aaaa-mm-dd).
A15: 4. Columna B: pega los PRECIOS del Activo 1.
A16: 5. Columna C: pega los PRECIOS del Activo 2 (benchmark).
... A43: - Si tienes Python, el script analizador.py descarga ambos activos solo.

Sheet Datos
A1: DATOS (pega aqui tus precios)
A2: Fecha | B2: Activo 1 | C2: Activo 2 | E2: <- Pega tus datos. Tip: cambia los nombres en B2/C2.
A3: 2025-05-12 | B3: 100 | C3: 100
A4: 2025-05-13 | B4: 101.2 | C4: 100.4
A5: 2025-05-14 | B5: 100.8 | C5: 100.1

Sheet Dashboard
A1: DASHBOARD COMPARATIVO - ACTIVO 1 vs ACTIVO 2
A3: Parametros
A4: Tasa libre de riesgo anual | B4: 0.04
A5: Dias bursatiles / ano | B5: 252
A6: Observaciones (n) | B6: =COUNT(RET_A)
A8: METRICA | B8: =NOMBRE_A | C8: =NOMBRE_B | D8: INTERPRETACION
A9: Retorno medio diario | B9: =IFERROR(AVERAGE(RET_A),NA()) | C9: =IFERROR(AVERAGE(RET_B),NA()) | D9: Promedio simple de retornos diarios
A10: CAGR (anualizado compuesto) | B10: =IFERROR((LOOKUP(2,1/ISNUMBER(PRECIO_A),PRECIO_A)/INDEX(PRECIO_A,MATCH(TRUE,ISNUMBER(PRECIO_A),0)))^($B$5/COUNT(RET_A))-1,NA()) | C10: =IFERROR((LOOKUP(2,1/ISNUMBER(PRECIO_B),PRECIO_B)/INDEX(PRECIO_B,MATCH(TRUE,ISNUMBER(PRECIO_B),0)))^($B$5/COUNT(RET_B))-1,NA()) | D10: Tasa anual compuesta equivalente
A11: Volatilidad anualizada | B11: =IFERROR(STDEV(RET_A)*SQRT($B$5),NA()) | C11: =IFERROR(STDEV(RET_B)*SQRT($B$5),NA()) | D11: Desviacion estandar anualizada
A12: Sharpe Ratio (anualizado) | B12: =IFERROR((AVERAGE(EXC_A)*$B$5)/(STDEV(RET_A)*SQRT($B$5)),NA()) | C12: =IFERROR((AVERAGE(EXC_B)*$B$5)/(STDEV(RET_B)*SQRT($B$5)),NA()) | D12: Retorno excedente / volatilidad
A13: Max Drawdown | B13: =IFERROR(MIN(DD_A),NA()) | C13: =IFERROR(MIN(DD_B),NA()) | D13: Mayor caida pico-valle
A14: Beta (Activo 1 vs Activo 2) | B14: =IFERROR(SLOPE(EXC_A,EXC_B),NA()) | C14: =1 | D14: <1 menos volatil ; >1 mas volatil ; =1 igual al benchmark
A15: Alpha Jensen (anualizado) | B15: =IFERROR((AVERAGE(EXC_A)-SLOPE(EXC_A,EXC_B)*AVERAGE(EXC_B))*$B$5,NA()) | C15: =0 | D15: Retorno excedente sobre lo predicho por CAPM
A16: Correlacion (Pearson) | B16: =IFERROR(CORREL(RET_A,RET_B),NA()) | C16: =1 | D16: Co-movimiento (-1 a +1)
A17: R-cuadrado | B17: =IFERROR(CORREL(RET_A,RET_B)^2,NA()) | C17: =1 | D17: Varianza explicada por Activo 2
A18: Tracking Error (anualizado) | B18: =IFERROR(STDEV(DIFF_AB)*SQRT($B$5),NA()) | C18: =0 | D18: Volatilidad del diferencial
A19: Information Ratio | B19: =IFERROR((AVERAGE(DIFF_AB)*$B$5)/(STDEV(DIFF_AB)*SQRT($B$5)),NA()) | C19: =NA() | D19: Retorno activo / Tracking Error

Sheet Grafico
A1: EVOLUCION COMPARADA (Base 100)
A2: Fecha | B2: =NOMBRE_A&" (base 100)" | C2: =NOMBRE_B&" (base 100)" | E2: Primer Px Activo 1 | F2: =INDEX(PRECIO_A,MATCH(TRUE,ISNUMBER(PRECIO_A),0))
A3: =IFERROR(Datos!A3,"") | B3: =IFERROR(IF(ISNUMBER(Datos!B3),Datos!B3/$F$2*100,NA()),NA()) | C3: =IFERROR(IF(ISNUMBER(Datos!C3),Datos!C3/$F$3*100,NA()),NA()) | E3: Primer Px Activo 2 | F3: =INDEX(PRECIO_B,MATCH(TRUE,ISNUMBER(PRECIO_B),0))
A4: =IFERROR(Datos!A4,"") | B4: =IFERROR(IF(ISNUMBER(Datos!B4),Datos!B4/$F$2*100,NA()),NA()) | C4: =IFERROR(IF(ISNUMBER(Datos!C4),Datos!C4/$F$3*100,NA()),NA())
A5: =IFERROR(Datos!A5,"") | B5: =IFERROR(IF(ISNUMBER(Datos!B5),Datos!B5/$F$2*100,NA()),NA()) | C5: =IFERROR(IF(ISNUMBER(Datos!C5),Datos!C5/$F$3*100,NA()),NA())
A6: =IFERROR(Datos!A6,"") | B6: =IFERROR(IF(ISNUMBER(Datos!B6),Datos!B6/$F$2*100,NA()),NA()) | C6: =IFERROR(IF(ISNUMBER(Datos!C6),Datos!C6/$F$3*100,NA()),NA())
A7: =IFERROR(Datos!A7,"") | B7: =IFERROR(IF(ISNUMBER(Datos!B7),Datos!B7/$F$2*100,NA()),NA()) | C7: =IFERROR(IF(ISNUMBER(Datos!C7),Datos!C7/$F$3*100,NA()),NA())
A8: =IFERROR(Datos!A8,"") | B8: =IFERROR(IF(ISNUMBER(Datos!B8),Datos!B8/$F$2*100,NA()),NA()) | C8: =IFERROR(IF(ISNUMBER(Datos!C8),Datos!C8/$F$3*100,NA()),NA())
A9: =IFERROR(Datos!A9,"") | B9: =IFERROR(IF(ISNUMBER(Datos!B9),Datos!B9/$F$2*100,NA()),NA()) | C9: =IFERROR(IF(ISNUMBER(Datos!C9),Datos!C9/$F$3*100,NA()),NA())
A10: =IFERROR(Datos!A10,"") | B10: =IFERROR(IF(ISNUMBER(Datos!B10),Datos!B10/$F$2*100,NA()),NA()) | C10: =IFERROR(IF(ISNUMBER(Datos!C10),Datos!C10/$F$3*100,NA()),NA())
A11: =IFERROR(Datos!A11,"") | B11: =IFERROR(IF(ISNUMBER(Datos!B11),Datos!B11/$F$2*100,NA()),NA()) | C11: =IFERROR(IF(ISNUMBER(Datos!C11),Datos!C11/$F$3*100,NA()),NA())
A12: =IFERROR(Datos!A12,"") | B12: =IFERROR(IF(ISNUMBER(Datos!B12),Datos!B12/$F$2*100,NA()),NA()) | C12: =IFERROR(IF(ISNUMBER(Datos!C12),Datos!C12/$F$3*100,NA()),NA())
A13: =IFERROR(Datos!A13,"") | B13: =IFERROR(IF(ISNUMBER(Datos!B13),Datos!B13/$F$2*100,NA()),NA()) | C13: =IFERROR(IF(ISNUMBER(Datos!C13),Datos!C13/$F$3*100,NA()),NA())
A14: =IFERROR(Datos!A14,"") | B14: =IFERROR(IF(ISNUMBER(Datos!B14),Datos!B14/$F$2*100,NA()),NA()) | C14: =IFERROR(IF(ISNUMBER(Datos!C14),Datos!C14/$F$3*100,NA()),NA())
A15: =IFERROR(Datos!A15,"") | B15: =IFERROR(IF(ISNUMBER(Datos!B15),Datos!B15/$F$2*100,NA()),NA()) | C15: =IFERROR(IF(ISNUMBER(Datos!C15),Datos!C15/$F$3*100,NA()),NA())
... A5002: =IFERROR(Datos!A5002,"") | B5002: =IFERROR(IF(ISNUMBER(Datos!B5002),Datos!B5002/$F$2*100,NA()),NA()) | C5002: =IFERROR(IF(ISNUMBER(Datos!C5002),Datos!C5002/$F$3*100,NA()),NA())

Sheet Calculos
A1: CALCULOS AUXILIARES (no editar)
A2: Fecha | B2: Px A | C2: Px B | D2: Ret A | E2: Ret B | F2: Exc A | G2: Exc B | H2: MaxSoFar A | I2: DD A | J2: MaxSoFar B | K2: DD B | L2: Diff (A-B)
A3: =IFERROR(Datos!A3,"") | B3: =IFERROR(Datos!B3,"") | C3: =IFERROR(Datos!C3,"") | H3: =IFERROR(IF(ISNUMBER(B3),B3,""),"") | I3: =IFERROR(IF(ISNUMBER(B3),0,""),"") | J3: =IFERROR(IF(ISNUMBER(C3),C3,""),"") | K3: =IFERROR(IF(ISNUMBER(C3),0,""),"")
A4: =IFERROR(Datos!A4,"") | B4: =IFERROR(Datos!B4,"") | C4: =IFERROR(Datos!C4,"") | D4: =IFERROR(IF(AND(ISNUMBER(B4),ISNUMBER(B3),B3<>0),B4/B3-1,""),"") | E4: =IFERROR(IF(AND(ISNUMBER(C4),ISNUMBER(C3),C3<>0),C4/C3-1,""),"") | F4: =IFERROR(D4-Dashboard!$B$4/252,"") | G4: =IFERROR(E4-Dashboard!$B$4/252,"") | H4: =IFERROR(IF(ISNUMBER(B4),MAX(B4,IFERROR(H3,B4)),""),"") | I4: =IFERROR(IF(AND(ISNUMBER(B4),ISNUMBER(H4)),B4/H4-1,""),"") | J4: =IFERROR(IF(ISNUMBER(C4),MAX(C4,IFERROR(J3,C4)),""),"") | K4: =IFERROR(IF(AND(ISNUMBER(C4),ISNUMBER(J4)),C4/J4-1,""),"") | L4: =IFERROR(IF(AND(ISNUMBER(D4),ISNUMBER(E4)),D4-E4,""),"")
A5: =IFERROR(Datos!A5,"") | B5: =IFERROR(Datos!B5,"") | C5: =IFERROR(Datos!C5,"") | D5: =IFERROR(IF(AND(ISNUMBER(B5),ISNUMBER(B4),B4<>0),B5/B4-1,""),"") | E5: =IFERROR(IF(AND(ISNUMBER(C5),ISNUMBER(C4),C4<>0),C5/C4-1,""),"") | F5: =IFERROR(D5-Dashboard!$B$4/252,"") | G5: =IFERROR(E5-Dashboard!$B$4/252,"") | H5: =IFERROR(IF(ISNUMBER(B5),MAX(B5,IFERROR(H4,B5)),""),"") | I5: =IFERROR(IF(AND(ISNUMBER(B5),ISNUMBER(H5)),B5/H5-1,""),"") | J5: =IFERROR(IF(ISNUMBER(C5),MAX(C5,IFERROR(J4,C5)),""),"") | K5: =IFERROR(IF(AND(ISNUMBER(C5),ISNUMBER(J5)),C5/J5-1,""),"") | L5: =IFERROR(IF(AND(ISNUMBER(D5),ISNUMBER(E5)),D5-E5,""),"")
A6: =IFERROR(Datos!A6,"") | B6: =IFERROR(Datos!B6,"") | C6: =IFERROR(Datos!C6,"") | D6: =IFERROR(IF(AND(ISNUMBER(B6),ISNUMBER(B5),B5<>0),B6/B5-1,""),"") | E6: =IFERROR(IF(AND(ISNUMBER(C6),ISNUMBER(C5),C5<>0),C6/C5-1,""),"") | F6: =IFERROR(D6-Dashboard!$B$4/252,"") | G6: =IFERROR(E6-Dashboard!$B$4/252,"") | H6: =IFERROR(IF(ISNUMBER(B6),MAX(B6,IFERROR(H5,B6)),""),"") | I6: =IFERROR(IF(AND(ISNUMBER(B6),ISNUMBER(H6)),B6/H6-1,""),"") | J6: =IFERROR(IF(ISNUMBER(C6),MAX(C6,IFERROR(J5,C6)),""),"") | K6: =IFERROR(IF(AND(ISNUMBER(C6),ISNUMBER(J6)),C6/J6-1,""),"") | L6: =IFERROR(IF(AND(ISNUMBER(D6),ISNUMBER(E6)),D6-E6,""),"")
A7: =IFERROR(Datos!A7,"") | B7: =IFERROR(Datos!B7,"") | C7: =IFERROR(Datos!C7,"") | D7: =IFERROR(IF(AND(ISNUMBER(B7),ISNUMBER(B6),B6<>0),B7/B6-1,""),"") | E7: =IFERROR(IF(AND(ISNUMBER(C7),ISNUMBER(C6),C6<>0),C7/C6-1,""),"") | F7: =IFERROR(D7-Dashboard!$B$4/252,"") | G7: =IFERROR(E7-Dashboard!$B$4/252,"") | H7: =IFERROR(IF(ISNUMBER(B7),MAX(B7,IFERROR(H6,B7)),""),"") | I7: =IFERROR(IF(AND(ISNUMBER(B7),ISNUMBER(H7)),B7/H7-1,""),"") | J7: =IFERROR(IF(ISNUMBER(C7),MAX(C7,IFERROR(J6,C7)),""),"") | K7: =IFERROR(IF(AND(ISNUMBER(C7),ISNUMBER(J7)),C7/J7-1,""),"") | L7: =IFERROR(IF(AND(ISNUMBER(D7),ISNUMBER(E7)),D7-E7,""),"")
A8: =IFERROR(Datos!A8,"") | B8: =IFERROR(Datos!B8,"") | C8: =IFERROR(Datos!C8,"") | D8: =IFERROR(IF(AND(ISNUMBER(B8),ISNUMBER(B7),B7<>0),B8/B7-1,""),"") | E8: =IFERROR(IF(AND(ISNUMBER(C8),ISNUMBER(C7),C7<>0),C8/C7-1,""),"") | F8: =IFERROR(D8-Dashboard!$B$4/252,"") | G8: =IFERROR(E8-Dashboard!$B$4/252,"") | H8: =IFERROR(IF(ISNUMBER(B8),MAX(B8,IFERROR(H7,B8)),""),"") | I8: =IFERROR(IF(AND(ISNUMBER(B8),ISNUMBER(H8)),B8/H8-1,""),"") | J8: =IFERROR(IF(ISNUMBER(C8),MAX(C8,IFERROR(J7,C8)),""),"") | K8: =IFERROR(IF(AND(ISNUMBER(C8),ISNUMBER(J8)),C8/J8-1,""),"") | L8: =IFERROR(IF(AND(ISNUMBER(D8),ISNUMBER(E8)),D8-E8,""),"")
A9: =IFERROR(Datos!A9,"") | B9: =IFERROR(Datos!B9,"") | C9: =IFERROR(Datos!C9,"") | D9: =IFERROR(IF(AND(ISNUMBER(B9),ISNUMBER(B8),B8<>0),B9/B8-1,""),"") | E9: =IFERROR(IF(AND(ISNUMBER(C9),ISNUMBER(C8),C8<>0),C9/C8-1,""),"") | F9: =IFERROR(D9-Dashboard!$B$4/252,"") | G9: =IFERROR(E9-Dashboard!$B$4/252,"") | H9: =IFERROR(IF(ISNUMBER(B9),MAX(B9,IFERROR(H8,B9)),""),"") | I9: =IFERROR(IF(AND(ISNUMBER(B9),ISNUMBER(H9)),B9/H9-1,""),"") | J9: =IFERROR(IF(ISNUMBER(C9),MAX(C9,IFERROR(J8,C9)),""),"") | K9: =IFERROR(IF(AND(ISNUMBER(C9),ISNUMBER(J9)),C9/J9-1,""),"") | L9: =IFERROR(IF(AND(ISNUMBER(D9),ISNUMBER(E9)),D9-E9,""),"")
A10: =IFERROR(Datos!A10,"") | B10: =IFERROR(Datos!B10,"") | C10: =IFERROR(Datos!C10,"") | D10: =IFERROR(IF(AND(ISNUMBER(B10),ISNUMBER(B9),B9<>0),B10/B9-1,""),"") | E10: =IFERROR(IF(AND(ISNUMBER(C10),ISNUMBER(C9),C9<>0),C10/C9-1,""),"") | F10: =IFERROR(D10-Dashboard!$B$4/252,"") | G10: =IFERROR(E10-Dashboard!$B$4/252,"") | H10: =IFERROR(IF(ISNUMBER(B10),MAX(B10,IFERROR(H9,B10)),""),"") | I10: =IFERROR(IF(AND(ISNUMBER(B10),ISNUMBER(H10)),B10/H10-1,""),"") | J10: =IFERROR(IF(ISNUMBER(C10),MAX(C10,IFERROR(J9,C10)),""),"") | K10: =IFERROR(IF(AND(ISNUMBER(C10),ISNUMBER(J10)),C10/J10-1,""),"") | L10: =IFERROR(IF(AND(ISNUMBER(D10),ISNUMBER(E10)),D10-E10,""),"")
A11: =IFERROR(Datos!A11,"") | B11: =IFERROR(Datos!B11,"") | C11: =IFERROR(Datos!C11,"") | D11: =IFERROR(IF(AND(ISNUMBER(B11),ISNUMBER(B10),B10<>0),B11/B10-1,""),"") | E11: =IFERROR(IF(AND(ISNUMBER(C11),ISNUMBER(C10),C10<>0),C11/C10-1,""),"") | F11: =IFERROR(D11-Dashboard!$B$4/252,"") | G11: =IFERROR(E11-Dashboard!$B$4/252,"") | H11: =IFERROR(IF(ISNUMBER(B11),MAX(B11,IFERROR(H10,B11)),""),"") | I11: =IFERROR(IF(AND(ISNUMBER(B11),ISNUMBER(H11)),B11/H11-1,""),"") | J11: =IFERROR(IF(ISNUMBER(C11),MAX(C11,IFERROR(J10,C11)),""),"") | K11: =IFERROR(IF(AND(ISNUMBER(C11),ISNUMBER(J11)),C11/J11-1,""),"") | L11: =IFERROR(IF(AND(ISNUMBER(D11),ISNUMBER(E11)),D11-E11,""),"")
A12: =IFERROR(Datos!A12,"") | B12: =IFERROR(Datos!B12,"") | C12: =IFERROR(Datos!C12,"") | D12: =IFERROR(IF(AND(ISNUMBER(B12),ISNUMBER(B11),B11<>0),B12/B11-1,""),"") | E12: =IFERROR(IF(AND(ISNUMBER(C12),ISNUMBER(C11),C11<>0),C12/C11-1,""),"") | F12: =IFERROR(D12-Dashboard!$B$4/252,"") | G12: =IFERROR(E12-Dashboard!$B$4/252,"") | H12: =IFERROR(IF(ISNUMBER(B12),MAX(B12,IFERROR(H11,B12)),""),"") | I12: =IFERROR(IF(AND(ISNUMBER(B12),ISNUMBER(H12)),B12/H12-1,""),"") | J12: =IFERROR(IF(ISNUMBER(C12),MAX(C12,IFERROR(J11,C12)),""),"") | K12: =IFERROR(IF(AND(ISNUMBER(C12),ISNUMBER(J12)),C12/J12-1,""),"") | L12: =IFERROR(IF(AND(ISNUMBER(D12),ISNUMBER(E12)),D12-E12,""),"")
A13: =IFERROR(Datos!A13,"") | B13: =IFERROR(Datos!B13,"") | C13: =IFERROR(Datos!C13,"") | D13: =IFERROR(IF(AND(ISNUMBER(B13),ISNUMBER(B12),B12<>0),B13/B12-1,""),"") | E13: =IFERROR(IF(AND(ISNUMBER(C13),ISNUMBER(C12),C12<>0),C13/C12-1,""),"") | F13: =IFERROR(D13-Dashboard!$B$4/252,"") | G13: =IFERROR(E13-Dashboard!$B$4/252,"") | H13: =IFERROR(IF(ISNUMBER(B13),MAX(B13,IFERROR(H12,B13)),""),"") | I13: =IFERROR(IF(AND(ISNUMBER(B13),ISNUMBER(H13)),B13/H13-1,""),"") | J13: =IFERROR(IF(ISNUMBER(C13),MAX(C13,IFERROR(J12,C13)),""),"") | K13: =IFERROR(IF(AND(ISNUMBER(C13),ISNUMBER(J13)),C13/J13-1,""),"") | L13: =IFERROR(IF(AND(ISNUMBER(D13),ISNUMBER(E13)),D13-E13,""),"")
A14: =IFERROR(Datos!A14,"") | B14: =IFERROR(Datos!B14,"") | C14: =IFERROR(Datos!C14,"") | D14: =IFERROR(IF(AND(ISNUMBER(B14),ISNUMBER(B13),B13<>0),B14/B13-1,""),"") | E14: =IFERROR(IF(AND(ISNUMBER(C14),ISNUMBER(C13),C13<>0),C14/C13-1,""),"") | F14: =IFERROR(D14-Dashboard!$B$4/252,"") | G14: =IFERROR(E14-Dashboard!$B$4/252,"") | H14: =IFERROR(IF(ISNUMBER(B14),MAX(B14,IFERROR(H13,B14)),""),"") | I14: =IFERROR(IF(AND(ISNUMBER(B14),ISNUMBER(H14)),B14/H14-1,""),"") | J14: =IFERROR(IF(ISNUMBER(C14),MAX(C14,IFERROR(J13,C14)),""),"") | K14: =IFERROR(IF(AND(ISNUMBER(C14),ISNUMBER(J14)),C14/J14-1,""),"") | L14: =IFERROR(IF(AND(ISNUMBER(D14),ISNUMBER(E14)),D14-E14,""),"")
A15: =IFERROR(Datos!A15,"") | B15: =IFERROR(Datos!B15,"") | C15: =IFERROR(Datos!C15,"") | D15: =IFERROR(IF(AND(ISNUMBER(B15),ISNUMBER(B14),B14<>0),B15/B14-1,""),"") | E15: =IFERROR(IF(AND(ISNUMBER(C15),ISNUMBER(C14),C14<>0),C15/C14-1,""),"") | F15: =IFERROR(D15-Dashboard!$B$4/252,"") | G15: =IFERROR(E15-Dashboard!$B$4/252,"") | H15: =IFERROR(IF(ISNUMBER(B15),MAX(B15,IFERROR(H14,B15)),""),"") | I15: =IFERROR(IF(AND(ISNUMBER(B15),ISNUMBER(H15)),B15/H15-1,""),"") | J15: =IFERROR(IF(ISNUMBER(C15),MAX(C15,IFERROR(J14,C15)),""),"") | K15: =IFERROR(IF(AND(ISNUMBER(C15),ISNUMBER(J15)),C15/J15-1,""),"") | L15: =IFERROR(IF(AND(ISNUMBER(D15),ISNUMBER(E15)),D15-E15,""),"")
... A5002: =IFERROR(Datos!A5002,"") | B5002: =IFERROR(Datos!B5002,"") | C5002: =IFERROR(Datos!C5002,"") | D5002: =IFERROR(IF(AND(ISNUMBER(B5002),ISNUMBER(B5001),B5001<>0),B5002/B5001-1,""),"") | E5002: =IFERROR(IF(AND(ISNUMBER(C5002),ISNUMBER(C5001),C5001<>0),C5002/C5001-1,""),"") | F5002: =IFERROR(D5002-Dashboard!$B$4/252,"") | G5002: =IFERROR(E5002-Dashboard!$B$4/252,"") | H5002: =IFERROR(IF(ISNUMBER(B5002),MAX(B5002,IFERROR(H5001,B5002)),""),"") | I5002: =IFERROR(IF(AND(ISNUMBER(B5002),ISNUMBER(H5002)),B5002/H5002-1,""),"") | J5002: =IFERROR(IF(ISNUMBER(C5002),MAX(C5002,IFERROR(J5001,C5002)),""),"") | K5002: =IFERROR(IF(AND(ISNUMBER(C5002),ISNUMBER(J5002)),C5002/J5002-1,""),"") | L5002: =IFERROR(IF(AND(ISNUMBER(D5002),ISNUMBER(E5002)),D5002-E5002,""),"")
