Workbook
Name DD_B: Calculos!$K$3:$K$5002
Name DD_S: Calculos!$I$3:$I$5002
Name DIFF_SB: Calculos!$L$3:$L$5002
Name EXC_B: Calculos!$G$3:$G$5002
Name EXC_S: Calculos!$F$3:$F$5002
Name FECHAS: Datos!$A$3:$A$5002
Name PRECIO_B: Datos!$C$3:$C$5002
Name PRECIO_S: Datos!$B$3:$B$5002
Name RET_B: Calculos!$E$3:$E$5002
Name RET_S: Calculos!$D$3:$D$5002

Sheet Instrucciones
A1: PLANTILLA DE ANALISIS TECNICO vs. SP500
A3: Como usar esta plantilla
A5: 1. Ve a la hoja 'Datos'.
A6: 2. En la columna A pega tus FECHAS (formato dd/mm/aaaa o aaaa-mm-dd).
A7: 3. En la columna B pega los precios o niveles de TU SERIE.
A8: 4. En la columna C pega los precios diarios del SP500 (mismas fechas).
A9: - Puedes descargar el SP500 de Yahoo Finance (^GSPC), investing.com, Bloomberg, etc.
A10: - O usa el script analizador.py para generar este archivo prellenado.
A11: 5. Ve a 'Dashboard' para ver todas las metricas calculadas automaticamente.
A12: 6. Ve a 'Grafico' para ver la evolucion comparada (base 100).
A14: Parametros (modificables en Dashboard)
A16: Tasa libre de riesgo anual: Dashboard!B4 (default 4.0%)
... A37: - Las formulas ignoran filas vacias y errores automaticamente.

Sheet Datos
A1: DATOS (pega aqui tus precios)
A2: Fecha | B2: Mi Serie | C2: SP500 | E2: <- Pega tus datos. Filas vacias se ignoran.
A3: 42492 | B3: 123.24 | C3: 2081.4
A4: 42493 | B4: 122.96 | C4: 2063.4
A5: 42494 | B5: 122.21 | C5: 2051.1
A6: 42495 | B6: 122.07 | C6: 2050.6
A7: 42496 | B7: 123.18 | C7: 2057.1
A8: 42499 | B8: 120.65 | C8: 2058.7
A9: 42500 | B9: 120.98 | C9: 2084.4
A10: 42501 | B10: 122.12 | C10: 2064.5
A11: 42502 | B11: 121.16 | C11: 2064.1
A12: 42503 | B12: 121.71 | C12: 2046.6
A13: 42506 | B13: 121.8 | C13: 2066.7
A14: 42507 | B14: 122.22 | C14: 2047.2
... A2526: 46156 | B2526: 427.21 | C2526: 7507

Sheet Dashboard
A1: DASHBOARD DE METRICAS - MI SERIE vs SP500
A3: Parametros
A4: Tasa libre de riesgo anual | B4: 0.04
A5: Dias bursatiles / año | B5: 252
A6: Observaciones (n) | B6: =COUNT(RET_S) -> 2523
A8: METRICA | B8: MI SERIE | C8: SP500 | D8: INTERPRETACION
A9: Retorno medio diario | B9: =IFERROR(AVERAGE(RET_S),NA()) -> 0.00054339733 | C9: =IFERROR(AVERAGE(RET_B),NA()) -> 0.00057335551 | D9: Promedio simple de retornos diarios
A10: CAGR (anualizado compuesto) | B10: {=IFERROR((LOOKUP(2,1/ISNUMBER(PRECIO_S),PRECIO_S)/INDEX(PRECIO_S,MATCH(TRUE,ISNUMBER(PRECIO_S),0)))^($B$5/COUNT(RET_S))-1,NA())} -> 0.13220424 | C10: {=IFERROR((LOOKUP(2,1/ISNUMBER(PRECIO_B),PRECIO_B)/INDEX(PRECIO_B,MATCH(TRUE,ISNUMBER(PRECIO_B),0)))^($B$5/COUNT(RET_B))-1,NA())} -> 0.13669734 | D10: Tasa anual compuesta equivalente
A11: Volatilidad anualizada | B11: =IFERROR(STDEV(RET_S)*SQRT($B$5),NA()) -> 0.15935614 | C11: =IFERROR(STDEV(RET_B)*SQRT($B$5),NA()) -> 0.18041753 | D11: Desviacion estandar anualizada
A12: Sharpe Ratio (anualizado) | B12: =IFERROR((AVERAGE(EXC_S)*$B$5)/(STDEV(RET_S)*SQRT($B$5)),NA()) -> 0.60829864 | C12: =IFERROR((AVERAGE(EXC_B)*$B$5)/(STDEV(RET_B)*SQRT($B$5)),NA()) -> 0.57913213 | D12: Retorno excedente / volatilidad
A13: Max Drawdown | B13: =IFERROR(MIN(DD_S),NA()) -> -0.22002166 | C13: =IFERROR(MIN(DD_B),NA()) -> -0.33925935 | D13: Mayor caida pico-valle
A14: Beta vs SP500 | B14: =IFERROR(SLOPE(EXC_S,EXC_B),NA()) -> 0.072982607 | C14: =1 -> 1 | D14: <1 menos volatil ; >1 mas volatil ; =1 igual al mercado
A15: Alpha Jensen (anualizado) | B15: =IFERROR((AVERAGE(EXC_S)-SLOPE(EXC_S,EXC_B)*AVERAGE(EXC_B))*$B$5,NA()) -> 0.089310495 | C15: =0 -> 0 | D15: Retorno excedente sobre lo predicho por CAPM
A16: Correlacion (Pearson) | B16: =IFERROR(CORREL(RET_S,RET_B),NA()) -> 0.082628392 | C16: =1 -> 1 | D16: Co-movimiento con SP500
A17: R-cuadrado | B17: =IFERROR(CORREL(RET_S,RET_B)^2,NA()) -> 0.0068274512 | C17: =1 -> 1 | D17: Varianza explicada por SP500
A18: Tracking Error (anualizado) | B18: =IFERROR(STDEV(DIFF_SB)*SQRT($B$5),NA()) -> 0.23063744 | C18: =0 -> 0 | D18: Volatilidad del diferencial vs SP500
A19: Information Ratio | B19: =IFERROR((AVERAGE(DIFF_SB)*$B$5)/(STDEV(DIFF_SB)*SQRT($B$5)),NA()) -> -0.032733035 | C19: N/A | D19: Retorno activo / Tracking Error

Sheet Grafico
A1: EVOLUCION COMPARADA (Base 100)
A2: Fecha | B2: Mi Serie (base 100) | C2: SP500 (base 100) | E2: Primer Px Serie | F2: {=INDEX(PRECIO_S,MATCH(TRUE,ISNUMBER(PRECIO_S),0))} -> 123.24
A3: =IFERROR(Datos!A3,"") -> 42492 | B3: =IFERROR(IF(ISNUMBER(Datos!B3),Datos!B3/$F$2*100,NA()),NA()) -> 100 | C3: =IFERROR(IF(ISNUMBER(Datos!C3),Datos!C3/$F$3*100,NA()),NA()) -> 100 | E3: Primer Px SP500 | F3: {=INDEX(PRECIO_B,MATCH(TRUE,ISNUMBER(PRECIO_B),0))} -> 2081.4
A4: =IFERROR(Datos!A4,"") -> 42493 | B4: =IFERROR(IF(ISNUMBER(Datos!B4),Datos!B4/$F$2*100,NA()),NA()) -> 99.772801 | C4: =IFERROR(IF(ISNUMBER(Datos!C4),Datos!C4/$F$3*100,NA()),NA()) -> 99.135197
A5: =IFERROR(Datos!A5,"") -> 42494 | B5: =IFERROR(IF(ISNUMBER(Datos!B5),Datos!B5/$F$2*100,NA()),NA()) -> 99.164232 | C5: =IFERROR(IF(ISNUMBER(Datos!C5),Datos!C5/$F$3*100,NA()),NA()) -> 98.544249
A6: =IFERROR(Datos!A6,"") -> 42495 | B6: =IFERROR(IF(ISNUMBER(Datos!B6),Datos!B6/$F$2*100,NA()),NA()) -> 99.050633 | C6: =IFERROR(IF(ISNUMBER(Datos!C6),Datos!C6/$F$3*100,NA()),NA()) -> 98.520227
A7: =IFERROR(Datos!A7,"") -> 42496 | B7: =IFERROR(IF(ISNUMBER(Datos!B7),Datos!B7/$F$2*100,NA()),NA()) -> 99.951315 | C7: =IFERROR(IF(ISNUMBER(Datos!C7),Datos!C7/$F$3*100,NA()),NA()) -> 98.832517
A8: =IFERROR(Datos!A8,"") -> 42499 | B8: =IFERROR(IF(ISNUMBER(Datos!B8),Datos!B8/$F$2*100,NA()),NA()) -> 97.89841 | C8: =IFERROR(IF(ISNUMBER(Datos!C8),Datos!C8/$F$3*100,NA()),NA()) -> 98.909388
A9: =IFERROR(Datos!A9,"") -> 42500 | B9: =IFERROR(IF(ISNUMBER(Datos!B9),Datos!B9/$F$2*100,NA()),NA()) -> 98.16618 | C9: =IFERROR(IF(ISNUMBER(Datos!C9),Datos!C9/$F$3*100,NA()),NA()) -> 100.14413
A10: =IFERROR(Datos!A10,"") -> 42501 | B10: =IFERROR(IF(ISNUMBER(Datos!B10),Datos!B10/$F$2*100,NA()),NA()) -> 99.091204 | C10: =IFERROR(IF(ISNUMBER(Datos!C10),Datos!C10/$F$3*100,NA()),NA()) -> 99.188047
A11: =IFERROR(Datos!A11,"") -> 42502 | B11: =IFERROR(IF(ISNUMBER(Datos!B11),Datos!B11/$F$2*100,NA()),NA()) -> 98.312236 | C11: =IFERROR(IF(ISNUMBER(Datos!C11),Datos!C11/$F$3*100,NA()),NA()) -> 99.168829
A12: =IFERROR(Datos!A12,"") -> 42503 | B12: =IFERROR(IF(ISNUMBER(Datos!B12),Datos!B12/$F$2*100,NA()),NA()) -> 98.75852 | C12: =IFERROR(IF(ISNUMBER(Datos!C12),Datos!C12/$F$3*100,NA()),NA()) -> 98.328048
A13: =IFERROR(Datos!A13,"") -> 42506 | B13: =IFERROR(IF(ISNUMBER(Datos!B13),Datos!B13/$F$2*100,NA()),NA()) -> 98.831548 | C13: =IFERROR(IF(ISNUMBER(Datos!C13),Datos!C13/$F$3*100,NA()),NA()) -> 99.293745
A14: =IFERROR(Datos!A14,"") -> 42507 | B14: =IFERROR(IF(ISNUMBER(Datos!B14),Datos!B14/$F$2*100,NA()),NA()) -> 99.172347 | C14: =IFERROR(IF(ISNUMBER(Datos!C14),Datos!C14/$F$3*100,NA()),NA()) -> 98.356875
A15: =IFERROR(Datos!A15,"") -> 42508 | B15: =IFERROR(IF(ISNUMBER(Datos!B15),Datos!B15/$F$2*100,NA()),NA()) -> 97.452126 | C15: =IFERROR(IF(ISNUMBER(Datos!C15),Datos!C15/$F$3*100,NA()),NA()) -> 98.376093
... A2526: =IFERROR(Datos!A2526,"") -> 46156 | B2526: =IFERROR(IF(ISNUMBER(Datos!B2526),Datos!B2526/$F$2*100,NA()),NA()) -> 346.64882 | C2526: =IFERROR(IF(ISNUMBER(Datos!C2526),Datos!C2526/$F$3*100,NA()),NA()) -> 360.6707

Sheet Calculos
A1: CALCULOS AUXILIARES (no editar)
A2: Fecha | B2: Px Serie | C2: Px SP500 | D2: Ret Serie | E2: Ret SP500 | F2: Exc Serie | G2: Exc SP500 | H2: MaxSoFar S | I2: DD ACTIVO | J2: MaxSoFar B | K2: DD SP500 | L2: Diff (S-B)
A3: =IFERROR(Datos!A3,"") -> 42492 | B3: =IFERROR(Datos!B3,"") -> 123.24 | C3: =IFERROR(Datos!C3,"") -> 2081.4 | H3: =IFERROR(IF(ISNUMBER(B3),B3,""),"") -> 123.24 | I3: =IFERROR(IF(ISNUMBER(B3),0,""),"") -> 0 | J3: =IFERROR(IF(ISNUMBER(C3),C3,""),"") -> 2081.4 | K3: =IFERROR(IF(ISNUMBER(C3),0,""),"") -> 0 | L3: =IFERROR(IF(AND(ISNUMBER(D3),ISNUMBER(E3)),D3-E3,""),"")
A4: =IFERROR(Datos!A4,"") -> 42493 | B4: =IFERROR(Datos!B4,"") -> 122.96 | C4: =IFERROR(Datos!C4,"") -> 2063.4 | D4: =IFERROR(IF(AND(ISNUMBER(B4),ISNUMBER(B3),B3<>0),B4/B3-1,""),"") -> -0.0022719896 | E4: =IFERROR(IF(AND(ISNUMBER(C4),ISNUMBER(C3),C3<>0),C4/C3-1,""),"") -> -0.0086480254 | F4: =IFERROR(D4-Dashboard!$B$4/252,"") -> -0.0024307198 | G4: =IFERROR(E4-Dashboard!$B$4/252,"") -> -0.0088067555 | H4: =IFERROR(IF(ISNUMBER(B4),MAX(B4,IFERROR(H3,B4)),""),"") -> 123.24 | I4: =IFERROR(IF(AND(ISNUMBER(B4),ISNUMBER(H4)),B4/H4-1,""),"") -> -0.0022719896 | J4: =IFERROR(IF(ISNUMBER(C4),MAX(C4,IFERROR(J3,C4)),""),"") -> 2081.4 | K4: =IFERROR(IF(AND(ISNUMBER(C4),ISNUMBER(J4)),C4/J4-1,""),"") -> -0.0086480254 | L4: =IFERROR(IF(AND(ISNUMBER(D4),ISNUMBER(E4)),D4-E4,""),"") -> 0.0063760358
A5: =IFERROR(Datos!A5,"") -> 42494 | B5: =IFERROR(Datos!B5,"") -> 122.21 | C5: =IFERROR(Datos!C5,"") -> 2051.1 | D5: =IFERROR(IF(AND(ISNUMBER(B5),ISNUMBER(B4),B4<>0),B5/B4-1,""),"") -> -0.0060995446 | E5: =IFERROR(IF(AND(ISNUMBER(C5),ISNUMBER(C4),C4<>0),C5/C4-1,""),"") -> -0.0059610352 | F5: =IFERROR(D5-Dashboard!$B$4/252,"") -> -0.0062582747 | G5: =IFERROR(E5-Dashboard!$B$4/252,"") -> -0.0061197653 | H5: =IFERROR(IF(ISNUMBER(B5),MAX(B5,IFERROR(H4,B5)),""),"") -> 123.24 | I5: =IFERROR(IF(AND(ISNUMBER(B5),ISNUMBER(H5)),B5/H5-1,""),"") -> -0.0083576761 | J5: =IFERROR(IF(ISNUMBER(C5),MAX(C5,IFERROR(J4,C5)),""),"") -> 2081.4 | K5: =IFERROR(IF(AND(ISNUMBER(C5),ISNUMBER(J5)),C5/J5-1,""),"") -> -0.014557509 | L5: =IFERROR(IF(AND(ISNUMBER(D5),ISNUMBER(E5)),D5-E5,""),"") -> -0.00013850938
A6: =IFERROR(Datos!A6,"") -> 42495 | B6: =IFERROR(Datos!B6,"") -> 122.07 | C6: =IFERROR(Datos!C6,"") -> 2050.6 | D6: =IFERROR(IF(AND(ISNUMBER(B6),ISNUMBER(B5),B5<>0),B6/B5-1,""),"") -> -0.0011455691 | E6: =IFERROR(IF(AND(ISNUMBER(C6),ISNUMBER(C5),C5<>0),C6/C5-1,""),"") -> -0.00024377163 | F6: =IFERROR(D6-Dashboard!$B$4/252,"") -> -0.0013042993 | G6: =IFERROR(E6-Dashboard!$B$4/252,"") -> -0.00040250179 | H6: =IFERROR(IF(ISNUMBER(B6),MAX(B6,IFERROR(H5,B6)),""),"") -> 123.24 | I6: =IFERROR(IF(AND(ISNUMBER(B6),ISNUMBER(H6)),B6/H6-1,""),"") -> -0.0094936709 | J6: =IFERROR(IF(ISNUMBER(C6),MAX(C6,IFERROR(J5,C6)),""),"") -> 2081.4 | K6: =IFERROR(IF(AND(ISNUMBER(C6),ISNUMBER(J6)),C6/J6-1,""),"") -> -0.014797732 | L6: =IFERROR(IF(AND(ISNUMBER(D6),ISNUMBER(E6)),D6-E6,""),"") -> -0.00090179747
A7: =IFERROR(Datos!A7,"") -> 42496 | B7: =IFERROR(Datos!B7,"") -> 123.18 | C7: =IFERROR(Datos!C7,"") -> 2057.1 | D7: =IFERROR(IF(AND(ISNUMBER(B7),ISNUMBER(B6),B6<>0),B7/B6-1,""),"") -> 0.0090931433 | E7: =IFERROR(IF(AND(ISNUMBER(C7),ISNUMBER(C6),C6<>0),C7/C6-1,""),"") -> 0.003169804 | F7: =IFERROR(D7-Dashboard!$B$4/252,"") -> 0.0089344131 | G7: =IFERROR(E7-Dashboard!$B$4/252,"") -> 0.0030110738 | H7: =IFERROR(IF(ISNUMBER(B7),MAX(B7,IFERROR(H6,B7)),""),"") -> 123.24 | I7: =IFERROR(IF(AND(ISNUMBER(B7),ISNUMBER(H7)),B7/H7-1,""),"") -> -0.00048685492 | J7: =IFERROR(IF(ISNUMBER(C7),MAX(C7,IFERROR(J6,C7)),""),"") -> 2081.4 | K7: =IFERROR(IF(AND(ISNUMBER(C7),ISNUMBER(J7)),C7/J7-1,""),"") -> -0.011674834 | L7: =IFERROR(IF(AND(ISNUMBER(D7),ISNUMBER(E7)),D7-E7,""),"") -> 0.0059233393
A8: =IFERROR(Datos!A8,"") -> 42499 | B8: =IFERROR(Datos!B8,"") -> 120.65 | C8: =IFERROR(Datos!C8,"") -> 2058.7 | D8: =IFERROR(IF(AND(ISNUMBER(B8),ISNUMBER(B7),B7<>0),B8/B7-1,""),"") -> -0.020539049 | E8: =IFERROR(IF(AND(ISNUMBER(C8),ISNUMBER(C7),C7<>0),C8/C7-1,""),"") -> 0.00077779398 | F8: =IFERROR(D8-Dashboard!$B$4/252,"") -> -0.020697779 | G8: =IFERROR(E8-Dashboard!$B$4/252,"") -> 0.00061906382 | H8: =IFERROR(IF(ISNUMBER(B8),MAX(B8,IFERROR(H7,B8)),""),"") -> 123.24 | I8: =IFERROR(IF(AND(ISNUMBER(B8),ISNUMBER(H8)),B8/H8-1,""),"") -> -0.021015904 | J8: =IFERROR(IF(ISNUMBER(C8),MAX(C8,IFERROR(J7,C8)),""),"") -> 2081.4 | K8: =IFERROR(IF(AND(ISNUMBER(C8),ISNUMBER(J8)),C8/J8-1,""),"") -> -0.010906121 | L8: =IFERROR(IF(AND(ISNUMBER(D8),ISNUMBER(E8)),D8-E8,""),"") -> -0.021316843
A9: =IFERROR(Datos!A9,"") -> 42500 | B9: =IFERROR(Datos!B9,"") -> 120.98 | C9: =IFERROR(Datos!C9,"") -> 2084.4 | D9: =IFERROR(IF(AND(ISNUMBER(B9),ISNUMBER(B8),B8<>0),B9/B8-1,""),"") -> 0.0027351844 | E9: =IFERROR(IF(AND(ISNUMBER(C9),ISNUMBER(C8),C8<>0),C9/C8-1,""),"") -> 0.012483606 | F9: =IFERROR(D9-Dashboard!$B$4/252,"") -> 0.0025764543 | G9: =IFERROR(E9-Dashboard!$B$4/252,"") -> 0.012324876 | H9: =IFERROR(IF(ISNUMBER(B9),MAX(B9,IFERROR(H8,B9)),""),"") -> 123.24 | I9: =IFERROR(IF(AND(ISNUMBER(B9),ISNUMBER(H9)),B9/H9-1,""),"") -> -0.018338202 | J9: =IFERROR(IF(ISNUMBER(C9),MAX(C9,IFERROR(J8,C9)),""),"") -> 2084.4 | K9: =IFERROR(IF(AND(ISNUMBER(C9),ISNUMBER(J9)),C9/J9-1,""),"") -> 0 | L9: =IFERROR(IF(AND(ISNUMBER(D9),ISNUMBER(E9)),D9-E9,""),"") -> -0.0097484217
A10: =IFERROR(Datos!A10,"") -> 42501 | B10: =IFERROR(Datos!B10,"") -> 122.12 | C10: =IFERROR(Datos!C10,"") -> 2064.5 | D10: =IFERROR(IF(AND(ISNUMBER(B10),ISNUMBER(B9),B9<>0),B10/B9-1,""),"") -> 0.0094230451 | E10: =IFERROR(IF(AND(ISNUMBER(C10),ISNUMBER(C9),C9<>0),C10/C9-1,""),"") -> -0.0095471119 | F10: =IFERROR(D10-Dashboard!$B$4/252,"") -> 0.009264315 | G10: =IFERROR(E10-Dashboard!$B$4/252,"") -> -0.009705842 | H10: =IFERROR(IF(ISNUMBER(B10),MAX(B10,IFERROR(H9,B10)),""),"") -> 123.24 | I10: =IFERROR(IF(AND(ISNUMBER(B10),ISNUMBER(H10)),B10/H10-1,""),"") -> -0.0090879585 | J10: =IFERROR(IF(ISNUMBER(C10),MAX(C10,IFERROR(J9,C10)),""),"") -> 2084.4 | K10: =IFERROR(IF(AND(ISNUMBER(C10),ISNUMBER(J10)),C10/J10-1,""),"") -> -0.0095471119 | L10: =IFERROR(IF(AND(ISNUMBER(D10),ISNUMBER(E10)),D10-E10,""),"") -> 0.018970157
A11: =IFERROR(Datos!A11,"") -> 42502 | B11: =IFERROR(Datos!B11,"") -> 121.16 | C11: =IFERROR(Datos!C11,"") -> 2064.1 | D11: =IFERROR(IF(AND(ISNUMBER(B11),ISNUMBER(B10),B10<>0),B11/B10-1,""),"") -> -0.0078611202 | E11: =IFERROR(IF(AND(ISNUMBER(C11),ISNUMBER(C10),C10<>0),C11/C10-1,""),"") -> -0.00019375151 | F11: =IFERROR(D11-Dashboard!$B$4/252,"") -> -0.0080198504 | G11: =IFERROR(E11-Dashboard!$B$4/252,"") -> -0.00035248167 | H11: =IFERROR(IF(ISNUMBER(B11),MAX(B11,IFERROR(H10,B11)),""),"") -> 123.24 | I11: =IFERROR(IF(AND(ISNUMBER(B11),ISNUMBER(H11)),B11/H11-1,""),"") -> -0.016877637 | J11: =IFERROR(IF(ISNUMBER(C11),MAX(C11,IFERROR(J10,C11)),""),"") -> 2084.4 | K11: =IFERROR(IF(AND(ISNUMBER(C11),ISNUMBER(J11)),C11/J11-1,""),"") -> -0.0097390136 | L11: =IFERROR(IF(AND(ISNUMBER(D11),ISNUMBER(E11)),D11-E11,""),"") -> -0.0076673687
A12: =IFERROR(Datos!A12,"") -> 42503 | B12: =IFERROR(Datos!B12,"") -> 121.71 | C12: =IFERROR(Datos!C12,"") -> 2046.6 | D12: =IFERROR(IF(AND(ISNUMBER(B12),ISNUMBER(B11),B11<>0),B12/B11-1,""),"") -> 0.004539452 | E12: =IFERROR(IF(AND(ISNUMBER(C12),ISNUMBER(C11),C11<>0),C12/C11-1,""),"") -> -0.0084782714 | F12: =IFERROR(D12-Dashboard!$B$4/252,"") -> 0.0043807218 | G12: =IFERROR(E12-Dashboard!$B$4/252,"") -> -0.0086370016 | H12: =IFERROR(IF(ISNUMBER(B12),MAX(B12,IFERROR(H11,B12)),""),"") -> 123.24 | I12: =IFERROR(IF(AND(ISNUMBER(B12),ISNUMBER(H12)),B12/H12-1,""),"") -> -0.0124148 | J12: =IFERROR(IF(ISNUMBER(C12),MAX(C12,IFERROR(J11,C12)),""),"") -> 2084.4 | K12: =IFERROR(IF(AND(ISNUMBER(C12),ISNUMBER(J12)),C12/J12-1,""),"") -> -0.018134715 | L12: =IFERROR(IF(AND(ISNUMBER(D12),ISNUMBER(E12)),D12-E12,""),"") -> 0.013017723
A13: =IFERROR(Datos!A13,"") -> 42506 | B13: =IFERROR(Datos!B13,"") -> 121.8 | C13: =IFERROR(Datos!C13,"") -> 2066.7 | D13: =IFERROR(IF(AND(ISNUMBER(B13),ISNUMBER(B12),B12<>0),B13/B12-1,""),"") -> 0.00073946266 | E13: =IFERROR(IF(AND(ISNUMBER(C13),ISNUMBER(C12),C12<>0),C13/C12-1,""),"") -> 0.0098211668 | F13: =IFERROR(D13-Dashboard!$B$4/252,"") -> 0.0005807325 | G13: =IFERROR(E13-Dashboard!$B$4/252,"") -> 0.0096624367 | H13: =IFERROR(IF(ISNUMBER(B13),MAX(B13,IFERROR(H12,B13)),""),"") -> 123.24 | I13: =IFERROR(IF(AND(ISNUMBER(B13),ISNUMBER(H13)),B13/H13-1,""),"") -> -0.011684518 | J13: =IFERROR(IF(ISNUMBER(C13),MAX(C13,IFERROR(J12,C13)),""),"") -> 2084.4 | K13: =IFERROR(IF(AND(ISNUMBER(C13),ISNUMBER(J13)),C13/J13-1,""),"") -> -0.0084916523 | L13: =IFERROR(IF(AND(ISNUMBER(D13),ISNUMBER(E13)),D13-E13,""),"") -> -0.0090817042
A14: =IFERROR(Datos!A14,"") -> 42507 | B14: =IFERROR(Datos!B14,"") -> 122.22 | C14: =IFERROR(Datos!C14,"") -> 2047.2 | D14: =IFERROR(IF(AND(ISNUMBER(B14),ISNUMBER(B13),B13<>0),B14/B13-1,""),"") -> 0.0034482759 | E14: =IFERROR(IF(AND(ISNUMBER(C14),ISNUMBER(C13),C13<>0),C14/C13-1,""),"") -> -0.0094353317 | F14: =IFERROR(D14-Dashboard!$B$4/252,"") -> 0.0032895457 | G14: =IFERROR(E14-Dashboard!$B$4/252,"") -> -0.0095940618 | H14: =IFERROR(IF(ISNUMBER(B14),MAX(B14,IFERROR(H13,B14)),""),"") -> 123.24 | I14: =IFERROR(IF(AND(ISNUMBER(B14),ISNUMBER(H14)),B14/H14-1,""),"") -> -0.0082765336 | J14: =IFERROR(IF(ISNUMBER(C14),MAX(C14,IFERROR(J13,C14)),""),"") -> 2084.4 | K14: =IFERROR(IF(AND(ISNUMBER(C14),ISNUMBER(J14)),C14/J14-1,""),"") -> -0.017846862 | L14: =IFERROR(IF(AND(ISNUMBER(D14),ISNUMBER(E14)),D14-E14,""),"") -> 0.012883608
A15: =IFERROR(Datos!A15,"") -> 42508 | B15: =IFERROR(Datos!B15,"") -> 120.1 | C15: =IFERROR(Datos!C15,"") -> 2047.6 | D15: =IFERROR(IF(AND(ISNUMBER(B15),ISNUMBER(B14),B14<>0),B15/B14-1,""),"") -> -0.01734577 | E15: =IFERROR(IF(AND(ISNUMBER(C15),ISNUMBER(C14),C14<>0),C15/C14-1,""),"") -> 0.00019538882 | F15: =IFERROR(D15-Dashboard!$B$4/252,"") -> -0.0175045 | G15: =IFERROR(E15-Dashboard!$B$4/252,"") -> 3.6658665e-05 | H15: =IFERROR(IF(ISNUMBER(B15),MAX(B15,IFERROR(H14,B15)),""),"") -> 123.24 | I15: =IFERROR(IF(AND(ISNUMBER(B15),ISNUMBER(H15)),B15/H15-1,""),"") -> -0.025478741 | J15: =IFERROR(IF(ISNUMBER(C15),MAX(C15,IFERROR(J14,C15)),""),"") -> 2084.4 | K15: =IFERROR(IF(AND(ISNUMBER(C15),ISNUMBER(J15)),C15/J15-1,""),"") -> -0.017654961 | L15: =IFERROR(IF(AND(ISNUMBER(D15),ISNUMBER(E15)),D15-E15,""),"") -> -0.017541159
... A2526: =IFERROR(Datos!A2526,"") -> 46156 | B2526: =IFERROR(Datos!B2526,"") -> 427.21 | C2526: =IFERROR(Datos!C2526,"") -> 7507 | D2526: =IFERROR(IF(AND(ISNUMBER(B2526),ISNUMBER(B2525),B2525<>0),B2526/B2525-1,""),"") -> -0.0076422764 | E2526: =IFERROR(IF(AND(ISNUMBER(C2526),ISNUMBER(C2525),C2525<>0),C2526/C2525-1,""),"") -> 0.0084293246 | F2526: =IFERROR(D2526-Dashboard!$B$4/252,"") -> -0.0078010066 | G2526: =IFERROR(E2526-Dashboard!$B$4/252,"") -> 0.0082705945 | H2526: =IFERROR(IF(ISNUMBER(B2526),MAX(B2526,IFERROR(H2525,B2526)),""),"") -> 495.9 | I2526: =IFERROR(IF(AND(ISNUMBER(B2526),ISNUMBER(H2526)),B2526/H2526-1,""),"") -> -0.13851583 | J2526: =IFERROR(IF(ISNUMBER(C2526),MAX(C2526,IFERROR(J2525,C2526)),""),"") -> 7507 | K2526: =IFERROR(IF(AND(ISNUMBER(C2526),ISNUMBER(J2526)),C2526/J2526-1,""),"") -> 0 | L2526: =IFERROR(IF(AND(ISNUMBER(D2526),ISNUMBER(E2526)),D2526-E2526,""),"") -> -0.016071601

Sheet Normalizador de fechas
A1: FECHA (pegar nuevas fechas) | B1: BUSCARV - columna que habrá que copiar en hoja datos | C1: DATA | D1: PRECIOS
A2: 42492 | B2: =IFERROR(VLOOKUP(A2,$C$2:$D$1048576,2,FALSE),IF(ROW(B2)=2,"",B1)) -> 123.24 | C2: 42492 | D2: 123.24
A3: 42493 | B3: =IFERROR(VLOOKUP(A3,$C$2:$D$1048576,2,FALSE),IF(ROW(B3)=2,"",B2)) -> 122.96 | C3: 42493 | D3: 122.96
A4: 42494 | B4: =IFERROR(VLOOKUP(A4,$C$2:$D$1048576,2,FALSE),IF(ROW(B4)=2,"",B3)) -> 122.21 | C4: 42494 | D4: 122.21
A5: 42495 | B5: =IFERROR(VLOOKUP(A5,$C$2:$D$1048576,2,FALSE),IF(ROW(B5)=2,"",B4)) -> 122.07 | C5: 42495 | D5: 122.07
A6: 42496 | B6: =IFERROR(VLOOKUP(A6,$C$2:$D$1048576,2,FALSE),IF(ROW(B6)=2,"",B5)) -> 123.18 | C6: 42496 | D6: 123.18
A7: 42499 | B7: =IFERROR(VLOOKUP(A7,$C$2:$D$1048576,2,FALSE),IF(ROW(B7)=2,"",B6)) -> 120.65 | C7: 42499 | D7: 120.65
A8: 42500 | B8: =IFERROR(VLOOKUP(A8,$C$2:$D$1048576,2,FALSE),IF(ROW(B8)=2,"",B7)) -> 120.98 | C8: 42500 | D8: 120.98
A9: 42501 | B9: =IFERROR(VLOOKUP(A9,$C$2:$D$1048576,2,FALSE),IF(ROW(B9)=2,"",B8)) -> 122.12 | C9: 42501 | D9: 122.12
A10: 42502 | B10: =IFERROR(VLOOKUP(A10,$C$2:$D$1048576,2,FALSE),IF(ROW(B10)=2,"",B9)) -> 121.16 | C10: 42502 | D10: 121.16
A11: 42503 | B11: =IFERROR(VLOOKUP(A11,$C$2:$D$1048576,2,FALSE),IF(ROW(B11)=2,"",B10)) -> 121.71 | C11: 42503 | D11: 121.71
A12: 42506 | B12: =IFERROR(VLOOKUP(A12,$C$2:$D$1048576,2,FALSE),IF(ROW(B12)=2,"",B11)) -> 121.8 | C12: 42506 | D12: 121.8
A13: 42507 | B13: =IFERROR(VLOOKUP(A13,$C$2:$D$1048576,2,FALSE),IF(ROW(B13)=2,"",B12)) -> 122.22 | C13: 42507 | D13: 122.22
... A2525: 46156 | B2525: =IFERROR(VLOOKUP(A2525,$C$2:$D$1048576,2,FALSE),IF(ROW(B2525)=2,"",B2524)) -> 427.21 | C2525: 46119 | D2525: 431.81
C2526: 46120 | D2526: 434.53
C2527: 46121 | D2527: 437.91
C2528: 46122 | D2528: 437.13
C2529: 46125 | D2529: 435.36
C2530: 46126 | D2530: 445.09
C2531: 46127 | D2531: 440.46
C2532: 46128 | D2532: 440.08
C2533: 46129 | D2533: 445.93
C2534: 46132 | D2534: 442.09
C2535: 46133 | D2535: 429.57
C2536: 46134 | D2536: 435.26
C2537: 46135 | D2537: 431.04
... C2552: 46156 | D2552: 427.21
